小组,球队,位置,球员姓名,效力俱乐部,备注
A组,墨西哥,门将,卡洛斯·阿塞韦多,桑托斯拉古纳,
A组,墨西哥,门将,吉列尔莫·奥乔亚,AEL利马索尔,
A组,墨西哥,门将,劳尔·兰赫尔,瓜达拉哈拉,
A组,墨西哥,后卫,埃德森·阿尔瓦雷斯,费内巴切,
A组,墨西哥,后卫,伊斯雷尔·雷耶斯,美洲,
A组,墨西哥,后卫,赫苏斯·加利亚多,托卢卡,
A组,墨西哥,后卫,约翰·巴斯克斯,热那亚,
A组,墨西哥,后卫,豪尔赫·桑切斯,PAOK,
A组,墨西哥,后卫,马特奥·查韦斯,AZ阿尔克马尔,
A组,墨西哥,中场,阿尔瓦罗·菲达尔戈,皇家贝蒂斯,
A组,墨西哥,中场,布莱恩·古铁雷斯,瓜达拉哈拉,
A组,墨西哥,中场,埃里克·利拉,蓝十字,
A组,墨西哥,中场,希尔韦托·莫拉,蒂华纳,
A组,墨西哥,中场,路易斯·罗莫,瓜达拉哈拉,
A组,墨西哥,中场,奥贝德·巴尔加斯,马德里竞技,
A组,墨西哥,中场,奥贝林·皮内达,AEK雅典,
A组,墨西哥,前锋,亚历克西斯·贝加,托卢卡,
A组,墨西哥,前锋,阿曼多·冈萨雷斯,瓜达拉哈拉,
A组,墨西哥,前锋,塞萨尔·韦尔塔,安德莱赫特,
A组,墨西哥,前锋,吉列尔莫·马丁内斯,美洲狮,
A组,墨西哥,前锋,胡利安·奎尼奥内斯,阿尔卡迪亚,
A组,墨西哥,前锋,劳尔·希门尼斯,富勒姆,
A组,墨西哥,前锋,圣地亚哥·希门尼斯,AC米兰,
A组,南非,门将,西波·沙伊内,奥兰多海盗,
A组,南非,门将,里卡多·戈斯,锡韦勒,
A组,南非,门将,罗恩温·威廉姆斯,马梅洛迪日落,
A组,南非,后卫,奥布雷·莫迪巴,马梅洛迪日落,
A组,南非,后卫,胡利索·穆道,马梅洛迪日落,
A组,南非,后卫,恩科西纳蒂·西比西,奥兰多海盗,
A组,南非,后卫,姆贝凯泽利·姆博卡齐,芝加哥火焰,
A组,南非,后卫,伊梅·奥孔,汉诺威96,
A组,南非,后卫,萨穆凯勒·卡比尼,莫尔德,
A组,南非,后卫,胡卢马尼·恩达马内,马梅洛迪日落,
A组,南非,后卫,塔邦·马图卢迪,波罗克瓦尼城,
A组,南非,后卫,卡莫盖洛·塞贝勒贝莱,奥兰多海盗,
A组,南非,后卫,布拉德利·克罗斯,凯泽酋长,
A组,南非,后卫,奥尔韦图·马卡尼亚,费城联合,
A组,南非,中场,特博霍·莫科纳,马梅洛迪日落,
A组,南非,中场,斯佩菲洛·西托莱,通德拉,
A组,南非,中场,塔伦特·姆巴塔,奥兰多海盗,
A组,南非,中场,杰登·亚当斯,马梅洛迪日落,
A组,南非,前锋,滕巴·兹瓦内,马梅洛迪日落,
A组,南非,前锋,莱尔·福斯特,伯恩利,
A组,南非,前锋,埃维登斯·马科帕,奥兰多海盗,
A组,南非,前锋,奥斯温·阿波利斯,奥兰多海盗,
A组,南非,前锋,伊克拉姆·雷纳斯,马梅洛迪日落,
A组,南非,前锋,雷莱博希莱·莫福肯,奥兰多海盗,
A组,南非,前锋,塔佩洛·马塞科,AEL利马索尔,
A组,南非,前锋,特谢潘·莫雷米,奥兰多海盗,
A组,韩国,门将,赵贤祐,蔚山现代,
A组,韩国,门将,金承奎,FC东京,
A组,韩国,门将,宋范根,全北现代,
A组,韩国,后卫,金纹焕,大田市民,
A组,韩国,后卫,金玟哉,拜仁慕尼黑,
A组,韩国,后卫,金泰贤,鹿岛鹿角,
A组,韩国,后卫,朴镇燮,浙江,
A组,韩国,后卫,薛英佑,贝尔格莱德红星,
A组,韩国,后卫,延斯·卡斯特罗普,门兴格拉德巴赫,
A组,韩国,后卫,李基赫,江原FC,
A组,韩国,后卫,李泰锡,奥地利维也纳,
A组,韩国,后卫,李汉范,中日德兰,
A组,韩国,后卫,赵维杰,全北现代,因伤替换赵裕民
A组,韩国,中场,金珍圭,全北现代,
A组,韩国,中场,裴俊浩,斯托克城,
A组,韩国,中场,白昇浩,伯明翰,
A组,韩国,中场,杨贤俊,凯尔特人,
A组,韩国,中场,严智星,斯旺西,
A组,韩国,中场,李刚仁,巴黎圣日耳曼,
A组,韩国,中场,李东炅,蔚山现代,
A组,韩国,中场,李在城,美因茨,
A组,韩国,中场,黄仁范,费耶诺德,
A组,韩国,中场,黄喜灿,狼队,
A组,韩国,前锋,孙兴慜,洛杉矶FC,
A组,韩国,前锋,吴贤揆,贝西克塔斯,
A组,韩国,前锋,曹圭成,中日德兰,
A组,捷克,门将,卢卡斯·霍尔尼切克,布拉加,
A组,捷克,门将,马泰伊·科瓦尔,PSV埃因霍温,
A组,捷克,门将,因德日赫·斯坦涅克,布拉格斯拉维亚,
A组,捷克,后卫,弗拉迪米尔·曹法尔,霍芬海姆,
A组,捷克,后卫,大卫·杜德拉,布拉格斯拉维亚,
A组,捷克,后卫,托马斯·霍莱什,布拉格斯拉维亚,
A组,捷克,后卫,罗宾·赫拉纳奇,霍芬海姆,
A组,捷克,后卫,什捷潘·查卢佩克,布拉格斯拉维亚,
A组,捷克,后卫,大卫·尤拉塞克,布拉格斯拉维亚,
A组,捷克,后卫,拉迪斯拉夫·克雷伊奇,狼队,
A组,捷克,后卫,雅罗斯拉夫·泽莱尼,布拉格斯巴达,
A组,捷克,后卫,大卫·齐马,布拉格斯拉维亚,
A组,捷克,中场,卢卡斯·切尔夫,比尔森胜利,
A组,捷克,中场,弗拉迪米尔·达里达,赫拉德茨克拉洛韦,
A组,捷克,中场,卢卡斯·普罗沃德,布拉格斯拉维亚,
A组,捷克,中场,米哈尔·萨迪莱克,布拉格斯拉维亚,
A组,捷克,中场,胡戈·索丘雷克,布拉格斯巴达,
A组,捷克,中场,亚历山大·索伊卡,比尔森胜利,
A组,捷克,中场,托马斯·绍切克,西汉姆联,
A组,捷克,中场,帕维尔·舒尔茨,里昂,
A组,捷克,中场,德尼斯·维辛斯基,比尔森胜利,
A组,捷克,前锋,亚当·赫洛热克,霍芬海姆,
A组,捷克,前锋,托马斯·乔里,布拉格斯拉维亚,
A组,捷克,前锋,莫伊米尔·希季尔,布拉格斯拉维亚,
A组,捷克,前锋,扬·库赫塔,布拉格斯巴达,
A组,捷克,前锋,帕特里克·希克,勒沃库森,
B组,加拿大,门将,马克西姆·克雷波,奥兰多城,
B组,加拿大,门将,欧文·古德曼,水晶宫,
B组,加拿大,门将,戴恩·圣克莱尔,国际迈阿密,
B组,加拿大,后卫,莫伊塞·邦比托,尼斯,
B组,加拿大,后卫,德里克·科尼利厄斯,马赛,
B组,加拿大,后卫,阿方索·戴维斯,拜仁慕尼黑,
B组,加拿大,后卫,吕克·德福热罗勒,富勒姆,
B组,加拿大,后卫,阿利斯泰尔·约翰斯顿,凯尔特人,
B组,加拿大,后卫,阿尔菲·琼斯,米德尔斯堡,
B组,加拿大,后卫,里奇·拉里亚,多伦多FC,
B组,加拿大,后卫,尼科·西古尔,哈伊杜克,
B组,加拿大,后卫,乔尔·沃特曼,芝加哥火焰,
B组,加拿大,中场,阿里·艾哈迈德,诺维奇,
B组,加拿大,中场,塔琼·布坎南,比利亚雷亚尔,
B组,加拿大,中场,马蒂厄·肖尼耶,洛杉矶FC,
B组,加拿大,中场,斯蒂芬·欧斯塔基奥,波尔图,
B组,加拿大,中场,马塞洛·弗洛雷斯,老虎大学,
B组,加拿大,中场,伊斯梅尔·科内,萨索洛,
B组,加拿大,中场,利亚姆·米勒,赫尔城,
B组,加拿大,中场,乔纳森·奥索里奥,多伦多FC,
B组,加拿大,中场,内森-迪伦·萨利巴,安德莱赫特,
B组,加拿大,中场,雅各布·沙费尔堡,多伦多FC,
B组,加拿大,前锋,乔纳森·戴维,尤文图斯,
B组,加拿大,前锋,普罗密斯·戴维,圣吉罗斯联合,
B组,加拿大,前锋,西尔·拉林,南安普顿,
B组,加拿大,前锋,塔尼·奥卢瓦塞伊,比利亚雷亚尔,
B组,波黑,门将,尼古拉·瓦西里耶,圣保利,
B组,波黑,门将,马丁·兹洛米斯利奇,里耶卡,
B组,波黑,门将,奥斯曼·哈吉基奇,斯拉文贝鲁波,
B组,波黑,后卫,塞亚德·科拉希纳茨,亚特兰大,
B组,波黑,后卫,阿马尔·迪迪奇,本菲卡,
B组,波黑,后卫,尼哈德·穆亚基奇,加济安泰普,
B组,波黑,后卫,尼古拉·卡蒂奇,沙尔克04,
B组,波黑,后卫,塔里奇·穆哈雷莫维奇,萨索洛,
B组,波黑,后卫,斯捷潘·拉代利奇,里耶卡,
B组,波黑,后卫,丹尼斯·哈吉卡杜尼奇,桑普多利亚,
B组,波黑,后卫,尼达尔·切利克,朗斯,
B组,波黑,中场,阿米尔·哈吉亚赫梅托维奇,赫尔城,
B组,波黑,中场,伊万·舒尼奇,帕福斯,
B组,波黑,中场,伊万·巴希奇,阿斯塔纳,
B组,波黑,中场,杰尼斯·布尔尼奇,卡尔斯鲁厄,
B组,波黑,中场,埃尔明·马米奇,利贝雷茨,
B组,波黑,中场,本杰明·塔希罗维奇,布隆德比,
B组,波黑,中场,阿马尔·梅米奇,比尔森胜利,
B组,波黑,中场,阿尔明·吉戈维奇,伯尔尼年轻人,
B组,波黑,前锋,埃尔梅丁·德米罗维奇,斯图加特,
B组,波黑,前锋,约沃·卢基奇,克卢日,
B组,波黑,前锋,萨梅德·巴兹达尔,比亚韦斯托克,
B组,波黑,前锋,哈里斯·塔巴科维奇,门兴格拉德巴赫,
B组,波黑,前锋,埃丁·哲科,沙尔克04,
B组,卡塔尔,门将,萨拉赫·扎卡里亚,杜海勒,
B组,卡塔尔,门将,马哈茂德·阿布纳达,赖扬,
B组,卡塔尔,门将,梅沙尔·巴尔沙姆,萨德,
B组,卡塔尔,后卫,哈希米·侯赛因,阿拉伯人,
B组,卡塔尔,后卫,阿尤布·阿拉维,加拉法,
B组,卡塔尔,后卫,布瓦莱姆·胡希,萨德,
B组,卡塔尔,后卫,佩德罗·米格尔,萨德,
B组,卡塔尔,后卫,伊萨·拉耶,阿拉伯人,
B组,卡塔尔,后卫,卢卡斯·门德斯,沃克拉,
B组,卡塔尔,后卫,苏丹·阿尔-布雷克,杜海勒,
B组,卡塔尔,后卫,霍马姆·阿明,莱昂内萨文化,
B组,卡塔尔,中场,穆罕默德·阿尔-马奈,沙马尔,
B组,卡塔尔,中场,贾西姆·贾比尔,阿拉伯人,
B组,卡塔尔,中场,卡里姆·布迪亚夫,杜海勒,
B组,卡塔尔,中场,艾哈迈德·法蒂,阿拉伯人,
B组,卡塔尔,中场,阿卜杜勒阿齐兹·哈特姆,赖扬,
B组,卡塔尔,中场,阿西姆·马迪博,沃克拉,
B组,卡塔尔,前锋,塔赫辛·穆罕默德,杜海勒,
B组,卡塔尔,前锋,埃德米尔森·儒尼奥尔,杜海勒,
B组,卡塔尔,前锋,阿尔莫埃斯·阿里,杜海勒,
B组,卡塔尔,前锋,阿克拉姆·阿菲夫,萨德,
B组,卡塔尔,前锋,穆罕默德·蒙塔里,加拉法,
B组,卡塔尔,前锋,优素福·阿卜杜勒拉扎克,沃克拉,
B组,卡塔尔,前锋,艾哈迈德·阿拉,赖扬,
B组,卡塔尔,前锋,哈桑·海多斯,萨德,
B组,卡塔尔,前锋,艾哈迈德·贾纳希,加拉法,
B组,瑞士,门将,马尔温·凯勒,伯尔尼年轻人,
B组,瑞士,门将,格雷戈·科贝尔,多特蒙德,
B组,瑞士,门将,伊冯·姆沃戈,洛里昂,
B组,瑞士,后卫,曼努埃尔·阿坎吉,国际米兰,
B组,瑞士,后卫,奥雷勒·阿门达,法兰克福,
B组,瑞士,后卫,埃雷·科默特,瓦伦西亚,
B组,瑞士,后卫,尼科·埃尔维迪,门兴格拉德巴赫,
B组,瑞士,后卫,卢卡·亚克斯,斯图加特,
B组,瑞士,后卫,米罗·穆海姆,汉堡,
B组,瑞士,后卫,里卡多·罗德里格斯,皇家贝蒂斯,
B组,瑞士,后卫,西尔万·维德默,美因茨,
B组,瑞士,中场,米歇尔·阿比舍尔,比萨,
B组,瑞士,中场,克里斯蒂安·法斯纳赫特,伯尔尼年轻人,
B组,瑞士,中场,雷莫·弗罗伊勒,博洛尼亚,
B组,瑞士,中场,阿登·雅沙里,AC米兰,
B组,瑞士,中场,约翰·曼赞比,弗赖堡,
B组,瑞士,中场,法比安·里德,奥格斯堡,
B组,瑞士,中场,吉布里尔·索乌,塞维利亚,
B组,瑞士,中场,鲁文·巴尔加斯,塞维利亚,
B组,瑞士,中场,格拉尼特·扎卡,桑德兰,
B组,瑞士,中场,德尼·扎卡里亚,摩纳哥,
B组,瑞士,前锋,泽基·阿姆杜尼,伯恩利,
B组,瑞士,前锋,布雷尔·恩博洛,雷恩,
B组,瑞士,前锋,塞德里克·伊滕,杜塞尔多夫,
B组,瑞士,前锋,丹·恩多耶,诺丁汉森林,
B组,瑞士,前锋,诺亚·奥卡福尔,利兹联,
C组,巴西,门将,阿利松,利物浦,
C组,巴西,门将,埃德森,费内巴切,
C组,巴西,门将,韦弗顿,格雷米奥,
C组,巴西,后卫,马尔基尼奥斯,巴黎圣日耳曼,
C组,巴西,后卫,加布里埃尔,阿森纳,
C组,巴西,后卫,布雷默,尤文图斯,
C组,巴西,后卫,伊巴涅斯,吉达国民,
C组,巴西,后卫,莱奥·佩雷拉,弗拉门戈,
C组,巴西,后卫,韦斯利,罗马,
C组,巴西,后卫,达尼洛,弗拉门戈,
C组,巴西,后卫,阿莱士·桑德罗,弗拉门戈,
C组,巴西,后卫,道格拉斯·桑托斯,泽尼特,
C组,巴西,中场,卡塞米罗,曼联,
C组,巴西,中场,布鲁诺·吉马良斯,纽卡斯尔,
C组,巴西,中场,法比尼奥,吉达联合,
C组,巴西,中场,达尼洛,博塔弗戈,
C组,巴西,中场,卢卡斯·帕奎塔,弗拉门戈,
C组,巴西,前锋,维尼修斯·儒尼奥尔,皇家马德里,
C组,巴西,前锋,拉菲尼亚,巴塞罗那,
C组,巴西,前锋,马特乌斯·库尼亚,曼联,
C组,巴西,前锋,路易斯·恩里克,泽尼特,
C组,巴西,前锋,伊戈尔·蒂亚戈,布伦特福德,
C组,巴西,前锋,恩德里克,里昂,
C组,巴西,前锋,加布里埃尔·马丁内利,阿森纳,
C组,巴西,前锋,拉扬,伯恩茅斯,
C组,巴西,前锋,内马尔,桑托斯,
C组,摩洛哥,门将,亚辛·布努,利雅得新月,
C组,摩洛哥,门将,穆尼尔·穆罕默迪,贝尔卡内复兴,
C组,摩洛哥,门将,艾哈迈德·雷达·塔格瑙提,皇家武装部队,
C组,摩洛哥,后卫,努赛尔·马兹拉维,曼联,
C组,摩洛哥,后卫,阿纳斯·萨拉赫-埃丁,PSV埃因霍温,
C组,摩洛哥,后卫,优素福·贝拉马里,阿赫利,
C组,摩洛哥,后卫,纳伊夫·阿盖尔德,马赛,
C组,摩洛哥,后卫,沙迪·里亚德,水晶宫,
C组,摩洛哥,后卫,伊萨·迪奥普,富勒姆,
C组,摩洛哥,后卫,勒杜安·哈勒哈勒,梅赫伦,
C组,摩洛哥,后卫,阿什拉夫·哈基米,巴黎圣日耳曼,
C组,摩洛哥,后卫,扎卡里亚·埃尔瓦赫迪,亨克,
C组,摩洛哥,中场,萨米尔·埃尔穆拉贝特,斯特拉斯堡,
C组,摩洛哥,中场,阿尤布·布阿迪,里尔,
C组,摩洛哥,中场,尼尔·埃拉诺维,罗马,
C组,摩洛哥,中场,索菲扬·阿姆拉巴特,皇家贝蒂斯,
C组,摩洛哥,中场,阿泽丁·奥纳西,赫罗纳,
C组,摩洛哥,中场,比拉尔·埃尔哈努斯,斯图加特,
C组,摩洛哥,中场,伊斯梅尔·萨伊巴里,PSV埃因霍温,
C组,摩洛哥,前锋,阿卜杜勒萨马德·埃扎尔祖利,皇家贝蒂斯,
C组,摩洛哥,前锋,舍姆斯丁·塔尔比,桑德兰,
C组,摩洛哥,前锋,苏菲扬·拉希米,艾因,
C组,摩洛哥,前锋,阿尤布·埃尔卡比,奥林匹亚科斯,
C组,摩洛哥,前锋,卜拉欣·迪亚斯,皇家马德里,
C组,摩洛哥,前锋,亚辛·盖西姆,斯特拉斯堡,
C组,摩洛哥,前锋,阿尤布·阿玛伊穆尼,法兰克福,
C组,海地,门将,约翰尼·普拉西德,巴斯蒂亚,
C组,海地,门将,亚历山大·皮埃尔,索肖,
C组,海地,门将,若苏埃·迪韦热,科布伦茨宇宙,
C组,海地,后卫,卡伦斯·阿尔库斯,昂热,
C组,海地,后卫,威尔冈斯·波甘,聚尔特瓦勒海姆,
C组,海地,后卫,杜克·拉克鲁瓦,科罗拉多泉,
C组,海地,后卫,马丁·埃克斯佩里安斯,南锡,
C组,海地,后卫,让-凯文·迪韦尔纳,根特,
C组,海地,后卫,里卡多·阿德,基多大学,
C组,海地,后卫,汉内斯·德尔克鲁瓦,卢加诺,
C组,海地,后卫,基托·瑟蒙西,伯尔尼年轻人二队,
C组,海地,中场,勒韦尔通·皮埃尔,维泽拉,
C组,海地,中场,卡尔-弗雷德·桑特,埃尔帕索洛科,
C组,海地,中场,让-雅克·丹利,费城联合,
C组,海地,中场,让-里克纳·贝勒加德,狼队,
C组,海地,中场,皮埃尔·伍登斯基,维奥莱特,
C组,海地,中场,多米尼克·西蒙,普雷绍夫,
C组,海地,前锋,路易修斯·迪德森,达拉斯FC,
C组,海地,前锋,鲁本·普罗维登斯,阿尔梅勒城,
C组,海地,前锋,若苏埃·卡齐米尔,欧塞尔,
C组,海地,前锋,德里克·艾蒂安,多伦多FC,
C组,海地,前锋,威尔逊·伊西多尔,桑德兰,
C组,海地,前锋,迪肯斯·纳松,德黑兰独立,
C组,海地,前锋,弗兰茨迪·皮埃罗,里泽体育,
C组,海地,前锋,亚辛·福琼,维泽拉,
C组,海地,前锋,伦尼·约瑟夫,费伦茨瓦罗斯,
C组,苏格兰,门将,克雷格·戈登,哈茨,
C组,苏格兰,门将,安格斯·冈恩,诺丁汉森林,
C组,苏格兰,门将,利亚姆·凯利,流浪者,
C组,苏格兰,后卫,格兰特·汉利,希伯尼安,
C组,苏格兰,后卫,杰克·亨德里,达曼协作,
C组,苏格兰,后卫,阿隆·希基,布伦特福德,
C组,苏格兰,后卫,多姆·海厄姆,雷克瑟姆,
C组,苏格兰,后卫,斯科特·麦肯纳,萨格勒布迪纳摩,
C组,苏格兰,后卫,内森·帕特森,埃弗顿,
C组,苏格兰,后卫,安东尼·拉尔斯顿,凯尔特人,
C组,苏格兰,后卫,安迪·罗伯逊,利物浦,
C组,苏格兰,后卫,约翰·苏塔,流浪者,
C组,苏格兰,后卫,基兰·蒂尔尼,凯尔特人,
C组,苏格兰,中场,瑞安·克里斯蒂,伯恩茅斯,
C组,苏格兰,中场,芬德利·柯蒂斯,基尔马诺克,
C组,苏格兰,中场,刘易斯·弗格森,博洛尼亚,
C组,苏格兰,中场,本·甘农-多克,伯恩茅斯,
C组,苏格兰,中场,泰勒·弗莱彻,曼联,因伤替换比利·吉尔摩
C组,苏格兰,中场,约翰·麦金,阿斯顿维拉,
C组,苏格兰,中场,肯尼·麦克莱恩,诺维奇,
C组,苏格兰,中场,斯科特·麦克托米奈,那不勒斯,
C组,苏格兰,前锋,切·亚当斯,都灵,
C组,苏格兰,前锋,林登·戴克斯,查尔顿,
C组,苏格兰,前锋,乔治·赫斯特,伊普斯维奇,
C组,苏格兰,前锋,劳伦斯·尚克兰,哈茨,
C组,苏格兰,前锋,罗斯·斯图尔特,南安普顿,
D组,美国,门将,克里斯·布雷迪,芝加哥火焰,
D组,美国,门将,马特·弗里泽,纽约城FC,
D组,美国,门将,马特·特纳,新英格兰革命,
D组,美国,后卫,马克斯·阿尔夫斯滕,哥伦布机员,
D组,美国,后卫,塞尔吉尼奥·德斯特,PSV埃因霍温,
D组,美国,后卫,亚历克斯·弗里曼,比利亚雷亚尔,
D组,美国,后卫,马克·麦肯齐,图卢兹,
D组,美国,后卫,蒂姆·里姆,夏洛特FC,
D组,美国,后卫,克里斯·理查兹,水晶宫,
D组,美国,后卫,安东尼·罗宾逊,富勒姆,
D组,美国,后卫,迈尔斯·罗宾逊,辛辛那提FC,
D组,美国,后卫,乔·斯卡利,门兴格拉德巴赫,
D组,美国,后卫,奥斯顿·特拉斯蒂,凯尔特人,
D组,美国,中场,泰勒·亚当斯,伯恩茅斯,
D组,美国,中场,塞巴斯蒂安·贝哈尔特,温哥华白浪,
D组,美国,中场,韦斯顿·麦肯尼,尤文图斯,
D组,美国,中场,吉奥·雷纳,门兴格拉德巴赫,
D组,美国,中场,克里斯蒂安·罗尔丹,西雅图海湾人,
D组,美国,中场,马利克·蒂尔曼,勒沃库森,
D组,美国,前锋,布伦登·阿伦森,利兹联,
D组,美国,前锋,福拉林·巴洛贡,摩纳哥,
D组,美国,前锋,里卡多·佩皮,PSV埃因霍温,
D组,美国,前锋,克里斯蒂安·普利希奇,AC米兰,
D组,美国,前锋,蒂姆·维阿,马赛,
D组,美国,前锋,哈吉·赖特,考文垂,
D组,美国,前锋,亚历杭德罗·森德哈斯,美洲,
D组,巴拉圭,门将,加蒂托·费尔南德斯,波特诺山丘,
D组,巴拉圭,门将,奥兰多·希尔,圣洛伦索,
D组,巴拉圭,门将,加斯顿·奥尔维拉,奥林匹亚,
D组,巴拉圭,后卫,古斯塔沃·戈麦斯,帕尔梅拉斯,
D组,巴拉圭,后卫,儒尼奥尔·阿隆索,米内罗竞技,
D组,巴拉圭,后卫,法比安·巴尔武埃纳,格雷米奥,
D组,巴拉圭,后卫,奥马尔·阿尔德雷特,桑德兰,
D组,巴拉圭,后卫,胡安·何塞·卡塞雷斯,莫斯科迪纳摩,
D组,巴拉圭,后卫,古斯塔沃·贝拉斯克斯,波特诺山丘,
D组,巴拉圭,后卫,何塞·卡纳莱,拉努斯,
D组,巴拉圭,后卫,亚历杭德罗·迈达纳,塔列雷斯,
D组,巴拉圭,中场,达米安·博瓦迪利亚,圣保罗,
D组,巴拉圭,中场,古斯塔沃·卡瓦列罗,朴茨茅斯,
D组,巴拉圭,中场,安德烈斯·库瓦斯,温哥华白浪,
D组,巴拉圭,中场,马蒂亚斯·加拉尔萨,亚特兰大联,
D组,巴拉圭,中场,迭戈·戈麦斯,布莱顿,
D组,巴拉圭,中场,毛里西奥·马加良斯,帕尔梅拉斯,
D组,巴拉圭,中场,布里安·奥赫达,奥兰多城,
D组,巴拉圭,中场,亚历杭德罗·罗梅罗,艾因,
D组,巴拉圭,前锋,米格尔·阿尔米龙,亚特兰大联,
D组,巴拉圭,前锋,加夫列尔·阿瓦洛斯,独立,
D组,巴拉圭,前锋,阿莱克斯·阿尔塞,里瓦达维亚独立,
D组,巴拉圭,前锋,胡利奥·恩西索,斯特拉斯堡,
D组,巴拉圭,前锋,伊西德罗·皮塔,布拉甘蒂诺红牛,
D组,巴拉圭,前锋,安东尼奥·萨纳夫里亚,克雷莫纳,
D组,巴拉圭,前锋,拉蒙·索萨,帕尔梅拉斯,
D组,澳大利亚,门将,马修·瑞安,莱万特,
D组,澳大利亚,门将,保罗·伊佐,兰德斯,
D组,澳大利亚,门将,卡梅伦·比奇,墨尔本城,
D组,澳大利亚,后卫,阿齐兹·贝希奇,墨尔本城,
D组,澳大利亚,后卫,乔丹·博斯,费耶诺德,
D组,澳大利亚,后卫,卡梅伦·伯吉斯,斯旺西,
D组,澳大利亚,后卫,亚历山德罗·西尔卡蒂,帕尔马,
D组,澳大利亚,后卫,米洛斯·德格内克,APOEL,
D组,澳大利亚,后卫,杰森·格里亚,新潟天鹅,
D组,澳大利亚,后卫,纳撒尼尔·赫林顿,科罗拉多急流,
D组,澳大利亚,后卫,马库斯·伊塔利诺,格拉茨AK,
D组,澳大利亚,后卫,哈里·苏塔,莱斯特城,
D组,澳大利亚,后卫,托马斯·特雷温,纽约城FC,
D组,澳大利亚,中场,卡梅伦·德夫林,哈茨,
D组,澳大利亚,中场,阿伊丁·赫鲁斯蒂奇,阿尔梅罗大力神,
D组,澳大利亚,中场,杰克逊·欧文,圣保利,
D组,澳大利亚,中场,康纳·梅特卡夫,圣保利,
D组,澳大利亚,中场,克里斯蒂安·奥孔-恩斯特,悉尼FC,
D组,澳大利亚,中场,基努·奥尼尔,纽约城FC,
D组,澳大利亚,前锋,内斯特里·伊兰昆达,沃特福德,
D组,澳大利亚,前锋,马修·莱基,墨尔本城,
D组,澳大利亚,前锋,阿维尔·马比尔,卡斯特利翁,
D组,澳大利亚,前锋,穆罕默德·图雷,诺维奇,
D组,澳大利亚,前锋,拉查·维卢皮利,墨尔本城,
D组,澳大利亚,前锋,克里斯蒂安·沃尔帕托,萨索洛,
D组,澳大利亚,前锋,约翰·延吉,利文斯顿/町田泽维亚,
D组,土耳其,门将,阿尔泰·巴延德尔,曼联,
D组,土耳其,门将,梅尔特·居诺克,费内巴切,
D组,土耳其,门将,乌乌尔詹·恰基尔,加拉塔萨雷,
D组,土耳其,后卫,阿卜杜勒凯里姆·巴尔达克奇,加拉塔萨雷,
D组,土耳其,后卫,恰拉尔·瑟云聚,费内巴切,
D组,土耳其,后卫,埃伦·埃尔马勒,加拉塔萨雷,
D组,土耳其,后卫,费尔迪·卡迪奥卢,布莱顿,
D组,土耳其,后卫,梅里赫·德米拉尔,吉达国民,
D组,土耳其,后卫,梅尔特·米尔迪尔,费内巴切,
D组,土耳其,后卫,奥赞·卡巴克,霍芬海姆,
D组,土耳其,后卫,萨梅特·阿卡伊登,里泽体育,
D组,土耳其,后卫,泽基·切利克,罗马,
D组,土耳其,中场,哈坎·恰尔汉奥卢,国际米兰,
D组,土耳其,中场,伊斯梅尔·于克塞克,费内巴切,
D组,土耳其,中场,卡安·艾汉,加拉塔萨雷,
D组,土耳其,中场,奥尔昆·柯克曲,贝西克塔斯,
D组,土耳其,中场,萨利赫·厄兹詹,多特蒙德,
D组,土耳其,前锋,阿尔达·居莱尔,皇家马德里,
D组,土耳其,前锋,巴里斯·阿尔佩·耶尔马兹,加拉塔萨雷,
D组,土耳其,前锋,詹·乌尊,法兰克福,
D组,土耳其,前锋,德尼兹·居尔,波尔图,
D组,土耳其,前锋,伊尔凡·詹·卡赫韦奇,卡斯帕萨,
D组,土耳其,前锋,凯南·耶尔德兹,尤文图斯,
D组,土耳其,前锋,凯雷姆·阿克蒂尔科奥卢,费内巴切,
D组,土耳其,前锋,奥乌兹·艾丁,费内巴切,
D组,土耳其,前锋,尤努斯·阿克居恩,加拉塔萨雷,
E组,德国,门将,奥利弗·鲍曼,霍芬海姆,
E组,德国,门将,曼努埃尔·诺伊尔,拜仁慕尼黑,
E组,德国,门将,亚历山大·努贝尔,斯图加特,
E组,德国,后卫,瓦尔德马尔·安东,多特蒙德,
E组,德国,后卫,纳撒尼尔·布朗,法兰克福,
E组,德国,后卫,大卫·劳姆,RB莱比锡,
E组,德国,后卫,安东尼奥·吕迪格,皇家马德里,
E组,德国,后卫,尼科·施洛特贝克,多特蒙德,
E组,德国,后卫,约纳坦·塔,拜仁慕尼黑,
E组,德国,后卫,马利克·蒂奥,纽卡斯尔,
E组,德国,中场,帕斯卡尔·格罗斯,布莱顿,
E组,德国,中场,约书亚·基米希,拜仁慕尼黑,
E组,德国,中场,费利克斯·恩梅查,多特蒙德,
E组,德国,中场,亚历山大·帕夫洛维奇,拜仁慕尼黑,
E组,德国,中场,安杰洛·施蒂勒,斯图加特,
E组,德国,中场,莱昂·戈雷茨卡,拜仁慕尼黑,
E组,德国,中场,弗洛里安·维尔茨,利物浦,
E组,德国,中场,杰米·莱韦林,斯图加特,
E组,德国,前锋,马克西米利安·拜尔,多特蒙德,
E组,德国,前锋,凯·哈弗茨,阿森纳,
E组,德国,前锋,伦纳特·卡尔,拜仁慕尼黑,
E组,德国,前锋,贾马尔·穆西亚拉,拜仁慕尼黑,
E组,德国,前锋,勒鲁瓦·萨内,加拉塔萨雷,
E组,德国,前锋,德尼兹·翁达夫,斯图加特,
E组,德国,前锋,尼克·沃尔泰马德,纽卡斯尔,
E组,库拉索,门将,泰里克·博达克,泰尔斯塔,
E组,库拉索,门将,特雷弗·杜恩布施,芬洛,
E组,库拉索,门将,埃洛伊·鲁姆,迈阿密FC,
E组,库拉索,后卫,里切德利·巴佐尔,科尼亚体育,
E组,库拉索,后卫,约书亚·布雷内特,开塞利体育,
E组,库拉索,后卫,罗雄·范艾伊马,瓦尔韦克,
E组,库拉索,后卫,谢雷尔·弗洛拉努斯,兹沃勒,
E组,库拉索,后卫,德韦龙·丰维尔,奈梅亨,
E组,库拉索,后卫,尤里恩·加里,艾卜哈,
E组,库拉索,后卫,阿曼多·奥比波,PSV埃因霍温,
E组,库拉索,后卫,舒兰迪·桑博,鹿特丹斯巴达,
E组,库拉索,中场,儒尼尼奥·巴库纳,福伦丹,
E组,库拉索,中场,莱安德罗·巴库纳,伊迪尔,
E组,库拉索,中场,利瓦诺·科门西亚,苏黎世,
E组,库拉索,中场,凯文·费利达,邓伯什,
E组,库拉索,中场,阿尔贾尼·玛莎,罗瑟汉姆,
E组,库拉索,中场,泰里斯·诺斯林,泰尔斯塔,
E组,库拉索,中场,戈德弗里德·罗梅拉托埃,瓦尔韦克,
E组,库拉索,前锋,杰里米·安东尼塞,基菲西亚,
E组,库拉索,前锋,塔希特·钟,谢菲尔德联,
E组,库拉索,前锋,肯吉·戈雷,海法马卡比,
E组,库拉索,前锋,松切·汉森,米德尔斯堡,
E组,库拉索,前锋,热尔万·卡斯塔内尔,登嘉楼,
E组,库拉索,前锋,布兰德利·库瓦斯,福伦丹,
E组,库拉索,前锋,于尔根·洛卡迪亚,迈阿密FC,
E组,库拉索,前锋,耶尔·马尔加里塔,贝弗伦,
E组,科特迪瓦,门将,亚希亚·福法纳,里泽体育,
E组,科特迪瓦,门将,穆罕默德·科内,沙勒罗瓦,
E组,科特迪瓦,门将,阿尔邦·拉丰,帕纳辛奈科斯,
E组,科特迪瓦,后卫,埃马纽埃尔·阿格巴杜,贝西克塔斯,
E组,科特迪瓦,后卫,克里斯托弗·奥佩里,巴沙克谢希尔,
E组,科特迪瓦,后卫,奥斯曼·迪奥曼德,葡萄牙体育,
E组,科特迪瓦,后卫,盖拉·杜埃,斯特拉斯堡,
E组,科特迪瓦,后卫,吉兰·科南,吉尔维森特,
E组,科特迪瓦,后卫,奥迪隆·科苏努,亚特兰大,
E组,科特迪瓦,后卫,埃万·恩迪卡,罗马,
E组,科特迪瓦,后卫,威尔弗里德·辛戈,加拉塔萨雷,
E组,科特迪瓦,中场,塞科·福法纳,波尔图,
E组,科特迪瓦,中场,帕尔费·吉亚贡,沙勒罗瓦,
E组,科特迪瓦,中场,克里斯特·伊纳奥·乌莱,特拉布宗体育,
E组,科特迪瓦,中场,弗兰克·凯西,吉达国民,
E组,科特迪瓦,中场,易卜拉欣·桑加雷,诺丁汉森林,
E组,科特迪瓦,中场,让-米歇尔·塞里,马里博尔,
E组,科特迪瓦,前锋,西蒙·阿丁格拉,摩纳哥,
E组,科特迪瓦,前锋,安热-约安·博尼,国际米兰,
E组,科特迪瓦,前锋,阿马德·迪亚洛,曼联,
E组,科特迪瓦,前锋,奥马尔·迪亚基特,布鲁日,
E组,科特迪瓦,前锋,扬·迪奥曼德,RB莱比锡,
E组,科特迪瓦,前锋,埃旺·盖桑,水晶宫,
E组,科特迪瓦,前锋,尼古拉·佩佩,比利亚雷亚尔,
E组,科特迪瓦,前锋,巴祖马纳·图雷,霍芬海姆,
E组,科特迪瓦,前锋,埃利耶·瓦希,尼斯,
E组,厄瓜多尔,门将,埃尔南·加林德斯,飓风,
E组,厄瓜多尔,门将,莫伊塞斯·拉米雷斯,基菲西亚,
E组,厄瓜多尔,门将,贡萨洛·巴列,基多大学,
E组,厄瓜多尔,后卫,皮耶罗·因卡皮耶,阿森纳,
E组,厄瓜多尔,后卫,威廉·帕乔,巴黎圣日耳曼,
E组,厄瓜多尔,后卫,佩维斯·埃斯图皮尼安,AC米兰,
E组,厄瓜多尔,后卫,费利克斯·托雷斯,国际,
E组,厄瓜多尔,后卫,乔尔·奥多涅斯,布鲁日,
E组,厄瓜多尔,后卫,杰克逊·波罗索,蒂华纳,
E组,厄瓜多尔,后卫,安赫洛·普雷西亚多,米内罗竞技,
E组,厄瓜多尔,中场,莫伊塞斯·凯塞多,切尔西,
E组,厄瓜多尔,中场,阿兰·佛朗哥,米内罗竞技,
E组,厄瓜多尔,中场,肯德里·帕埃斯,河床,
E组,厄瓜多尔,中场,佩德罗·维特,美洲狮,
E组,厄瓜多尔,中场,霍尔迪·阿尔西瓦尔,山谷独立,
E组,厄瓜多尔,中场,德尼尔·卡斯蒂略,中日德兰,
E组,厄瓜多尔,中场,亚伊马尔·梅迪纳,亨克,
E组,厄瓜多尔,前锋,恩纳·瓦伦西亚,帕丘卡,
E组,厄瓜多尔,前锋,凯文·罗德里格斯,圣吉罗斯联合,
E组,厄瓜多尔,前锋,霍尔迪·凯塞多,飓风,
E组,厄瓜多尔,前锋,尼尔松·安古洛,桑德兰,
E组,厄瓜多尔,前锋,安东尼·瓦伦西亚,安特卫普,
E组,厄瓜多尔,前锋,杰里米·阿雷瓦洛,斯图加特,
F组,荷兰,门将,马克·弗莱肯,勒沃库森,
F组,荷兰,门将,罗宾·勒夫斯,桑德兰,
F组,荷兰,门将,巴特·韦布鲁根,布莱顿,
F组,荷兰,后卫,内森·阿克,曼城,
F组,荷兰,后卫,登泽尔·邓弗里斯,国际米兰,
F组,荷兰,后卫,约雷尔·哈托,切尔西,
F组,荷兰,后卫,尤里恩·廷贝尔,阿森纳,
F组,荷兰,后卫,米基·范德芬,热刺,
F组,荷兰,后卫,维吉尔·范戴克,利物浦,
F组,荷兰,后卫,扬·保罗·范赫克,布莱顿,
F组,荷兰,后卫,马茨·维费尔,布莱顿,
F组,荷兰,中场,弗伦基·德容,巴塞罗那,
F组,荷兰,中场,马滕·德容恩,亚特兰大,
F组,荷兰,中场,瑞安·赫拉芬贝赫,利物浦,
F组,荷兰,中场,贾斯汀·克鲁伊维特,伯恩茅斯,
F组,荷兰,中场,特恩·库普梅纳斯,尤文图斯,
F组,荷兰,中场,泰贾尼·赖恩德斯,曼城,
F组,荷兰,中场,古斯·蒂尔,PSV埃因霍温,
F组,荷兰,中场,昆滕·廷贝尔,马赛,
F组,荷兰,前锋,布莱恩·布罗比,桑德兰,
F组,荷兰,前锋,孟菲斯·德佩,科林蒂安,
F组,荷兰,前锋,科迪·加克波,利物浦,
F组,荷兰,前锋,诺亚·朗,加拉塔萨雷,
F组,荷兰,前锋,东尼尔·马伦,罗马,
F组,荷兰,前锋,克里森西奥·萨默维尔,西汉姆联,
F组,荷兰,前锋,沃特·韦霍斯特,阿贾克斯,
F组,日本,门将,早川知树,鹿岛鹿角,
F组,日本,门将,铃木 Zion,帕尔马,
F组,日本,门将,大迫敬介,广岛三箭,
F组,日本,后卫,长友佑都,FC东京,
F组,日本,后卫,谷口彰悟,圣图尔登,
F组,日本,后卫,富安健洋,阿贾克斯,
F组,日本,后卫,板仓滉,阿贾克斯,
F组,日本,后卫,渡边刚,费耶诺德,
F组,日本,后卫,伊藤洋辉,拜仁慕尼黑,
F组,日本,后卫,铃木淳之介,哥本哈根,
F组,日本,后卫,濑古步梦,勒阿弗尔,
F组,日本,后卫,菅原由势,云达不莱梅,
F组,日本,中场,远藤航,利物浦,
F组,日本,中场,伊藤纯也,亨克,
F组,日本,中场,镰田大地,水晶宫,
F组,日本,中场,小川航基,奈梅亨,
F组,日本,中场,前田大然,凯尔特人,
F组,日本,中场,堂安律,法兰克福,
F组,日本,中场,田中碧,利兹联,
F组,日本,中场,佐野海舟,美因茨,
F组,日本,中场,久保建英,皇家社会,
F组,日本,前锋,上田绮世,费耶诺德,
F组,日本,前锋,中村敬斗,兰斯,
F组,日本,前锋,铃木伊藤,弗赖堡,
F组,日本,前锋,潮海健人,沃尔夫斯堡,
F组,日本,前锋,后藤启介,圣图尔登,
F组,瑞典,门将,维克托·约翰松,斯托克城,
F组,瑞典,门将,克里斯托弗·诺德费尔特,AIK索尔纳,
F组,瑞典,门将,雅各布·维德尔·泽特斯特伦,德比郡,
F组,瑞典,后卫,亚尔马·埃克达尔,伯恩利,
F组,瑞典,后卫,加布里埃尔·古德蒙德松,利兹联,
F组,瑞典,后卫,伊萨克·希恩,亚特兰大,
F组,瑞典,后卫,埃米尔·霍尔姆,尤文图斯,
F组,瑞典,后卫,古斯塔夫·拉格比尔克,布拉加,
F组,瑞典,后卫,维克托·林德洛夫,阿斯顿维拉,
F组,瑞典,后卫,埃里克·史密斯,圣保利,
F组,瑞典,后卫,卡尔·斯塔费尔特,塞尔塔,
F组,瑞典,后卫,埃利奥特·斯特劳德,米亚尔比,
F组,瑞典,后卫,丹尼尔·斯文松,多特蒙德,
F组,瑞典,中场,塔哈·阿里,马尔默,
F组,瑞典,中场,亚辛·阿亚里,布莱顿,
F组,瑞典,中场,卢卡斯·贝里瓦尔,热刺,
F组,瑞典,中场,耶斯佩尔·卡尔斯特伦,乌迪内斯,
F组,瑞典,中场,肯·塞马,帕福斯,
F组,瑞典,中场,马蒂亚斯·斯万贝里,沃尔夫斯堡,
F组,瑞典,中场,贝斯福特·泽内利,圣吉罗斯联合,
F组,瑞典,前锋,亚历山大·伯恩哈德松,荷尔斯泰因基尔,
F组,瑞典,前锋,安东尼·埃兰加,纽卡斯尔,
F组,瑞典,前锋,维克托·哲凯赖什,阿森纳,
F组,瑞典,前锋,亚历山大·伊萨克,利物浦,
F组,瑞典,前锋,古斯塔夫·尼尔松,布鲁日,
F组,瑞典,前锋,本杰明·尼格伦,凯尔特人,
F组,突尼斯,门将,萨布里·本·哈桑,萨赫勒之星,
F组,突尼斯,门将,阿卜杜勒穆希布·沙马克,非洲人,
F组,突尼斯,门将,艾曼·达赫曼,斯法克西恩,
F组,突尼斯,后卫,阿里·阿卜迪,尼斯,
F组,突尼斯,后卫,阿德姆·阿鲁斯,卡斯帕萨,
F组,突尼斯,后卫,穆罕默德·阿明·本·哈米达,突尼斯希望,
F组,突尼斯,后卫,迪伦·布龙,塞尔维特,
F组,突尼斯,后卫,拉伊德·奇哈维,莫纳斯提尔,
F组,突尼斯,后卫,穆塔兹·内法蒂,北雪平,
F组,突尼斯,后卫,奥马尔·雷基克,马里博尔,
F组,突尼斯,后卫,蒙塔萨尔·塔尔比,洛里昂,
F组,突尼斯,后卫,扬·瓦莱里,伯尔尼年轻人,
F组,突尼斯,中场,穆尔塔达·本·瓦内斯,卡斯帕萨,
F组,突尼斯,中场,阿尼斯·本·斯利曼,诺维奇,
F组,突尼斯,中场,伊斯梅尔·加尔比,奥格斯堡,
F组,突尼斯,中场,拉尼·赫迪拉,柏林联合,
F组,突尼斯,中场,穆罕默德·哈吉·马哈茂德,卢加诺,
F组,突尼斯,中场,汉尼拔·梅布里,伯恩利,
F组,突尼斯,中场,埃利耶斯·斯基里,法兰克福,
F组,突尼斯,前锋,伊利亚斯·阿舒里,哥本哈根,
F组,突尼斯,前锋,哈利勒·阿亚里,巴黎圣日耳曼,
F组,突尼斯,前锋,菲拉斯·沙乌阿特,非洲人,
F组,突尼斯,前锋,拉扬·埃卢米,温哥华白浪,
F组,突尼斯,前锋,哈泽姆·马斯图里,马哈奇卡拉迪纳摩,
F组,突尼斯,前锋,伊利亚斯·萨阿德,汉诺威96,
F组,突尼斯,前锋,塞巴斯蒂安·图内克蒂,凯尔特人,
G组,比利时,门将,蒂博·库尔图瓦,皇家马德里,
G组,比利时,门将,森内·拉门斯,曼联,
G组,比利时,门将,迈克·彭德斯,斯特拉斯堡,
G组,比利时,后卫,蒂莫西·卡斯塔涅,富勒姆,
G组,比利时,后卫,泽诺·德巴斯特,葡萄牙体育,
G组,比利时,后卫,马克西姆·德克伊珀,布莱顿,
G组,比利时,后卫,科尼·德温特,AC米兰,
G组,比利时,后卫,布兰登·梅切勒,布鲁日,
G组,比利时,后卫,托马斯·默尼耶,里尔,
G组,比利时,后卫,内森·恩戈伊,里尔,
G组,比利时,后卫,华金·塞斯,布鲁日,
G组,比利时,后卫,阿瑟·泰特,法兰克福,
G组,比利时,中场,凯文·德布劳内,那不勒斯,
G组,比利时,中场,阿马杜·奥纳纳,阿斯顿维拉,
G组,比利时,中场,尼古拉·拉斯金,流浪者,
G组,比利时,中场,尤里·蒂勒曼斯,阿斯顿维拉,
G组,比利时,中场,汉斯·瓦纳肯,布鲁日,
G组,比利时,中场,阿克塞尔·维特塞尔,赫罗纳,
G组,比利时,前锋,夏尔·德凯特拉雷,亚特兰大,
G组,比利时,前锋,热雷米·多库,曼城,
G组,比利时,前锋,马蒂亚斯·费尔南德斯·帕尔多,里尔,
G组,比利时,前锋,罗梅卢·卢卡库,那不勒斯,
G组,比利时,前锋,多迪·卢克巴基奥,本菲卡,
G组,比利时,前锋,迭戈·莫雷拉,斯特拉斯堡,
G组,比利时,前锋,亚历克西斯·萨勒马克尔斯,AC米兰,
G组,比利时,前锋,莱安德罗·特罗萨德,阿森纳,
G组,埃及,门将,穆罕默德·埃尔谢纳维,阿赫利,
G组,埃及,门将,穆斯塔法·舒贝尔,阿赫利,
G组,埃及,门将,穆罕默德·阿拉,古纳,
G组,埃及,后卫,穆罕默德·哈尼,阿赫利,
G组,埃及,后卫,塔里克·阿拉,Zed,
G组,埃及,后卫,哈姆迪·法特希,沃克拉,
G组,埃及,后卫,拉米·拉比亚,艾因,
G组,埃及,后卫,亚西尔·易卜拉欣,阿赫利,
G组,埃及,后卫,侯赛姆·阿卜杜勒马吉德,扎马莱克,
G组,埃及,后卫,穆罕默德·阿卜杜勒穆奈姆,尼斯,
G组,埃及,后卫,艾哈迈德·福图赫,扎马莱克,
G组,埃及,后卫,卡里姆·哈菲兹,金字塔,
G组,埃及,中场,马尔万·阿提亚,阿赫利,
G组,埃及,中场,穆哈纳德·拉欣,金字塔,
G组,埃及,中场,纳比尔·埃马德,纳季马,
G组,埃及,中场,马哈茂德·萨比尔,Zed,
G组,埃及,中场,艾哈迈德·齐佐,阿赫利,
G组,埃及,中场,伊玛目·阿舒尔,阿赫利,
G组,埃及,中场,穆斯塔法·齐科,金字塔,
G组,埃及,中场,马哈茂德·特雷泽盖,阿赫利,
G组,埃及,中场,易卜拉欣·阿德尔,北西兰,
G组,埃及,中场,海赛姆·哈桑,皇家奥维耶多,
G组,埃及,前锋,穆罕默德·萨拉赫,利物浦,
G组,埃及,前锋,奥马尔·马尔穆什,曼城,
G组,埃及,前锋,阿克塔伊·阿卜杜拉,恩比,
G组,埃及,前锋,哈姆扎·阿卜杜勒卡里姆,巴塞罗那,
G组,伊朗,门将,阿里雷扎·贝兰万德,拖拉机,
G组,伊朗,门将,赛义德·侯赛因·侯赛尼,塞帕罕,
G组,伊朗,门将,帕亚姆·尼亚兹曼德,波斯波利斯,
G组,伊朗,后卫,丹尼尔·埃里,马拉万,
G组,伊朗,后卫,伊赫桑·哈吉萨菲,塞帕罕,
G组,伊朗,后卫,萨利赫·哈达尼,德黑兰独立,
G组,伊朗,后卫,侯赛因·卡纳尼,波斯波利斯,
G组,伊朗,后卫,舒贾·哈利勒扎德,拖拉机,
G组,伊朗,后卫,米拉德·穆罕默迪,波斯波利斯,
G组,伊朗,后卫,阿里·内马蒂,胡齐斯坦钢铁,
G组,伊朗,后卫,奥米德·努拉菲坎,胡齐斯坦钢铁,
G组,伊朗,后卫,拉明·礼萨伊安,胡齐斯坦钢铁,
G组,伊朗,中场,鲁兹贝赫·切什米,德黑兰独立,
G组,伊朗,中场,赛义德·伊扎托拉希,沙迦,
G组,伊朗,中场,迈赫迪·加埃迪,纳斯尔,
G组,伊朗,中场,萨曼·戈多斯,卡尔巴,
G组,伊朗,中场,穆罕默德·戈尔巴尼,瓦赫达,
G组,伊朗,中场,阿里雷扎·贾汉巴赫什,登德尔,
G组,伊朗,中场,穆罕默德·莫赫比,罗斯托夫,
G组,伊朗,中场,阿米尔·穆罕默德·拉扎吉尼亚,德黑兰独立,
G组,伊朗,中场,迈赫迪·托拉比,拖拉机,
G组,伊朗,中场,阿里亚·优素菲,塞帕罕,
G组,伊朗,前锋,阿里·阿里普尔,波斯波利斯,
G组,伊朗,前锋,丹尼斯·达尔加希,标准列日,
G组,伊朗,前锋,阿米尔侯赛因·侯赛因扎德,拖拉机,
G组,伊朗,前锋,迈赫迪·塔雷米,奥林匹亚科斯,
G组,伊朗,前锋,沙赫里亚尔·莫汉卢,卡尔巴,
G组,新西兰,门将,马克斯·克罗科姆,米尔沃尔,
G组,新西兰,门将,亚历克斯·保尔森,格但斯克莱吉亚,
G组,新西兰,门将,迈克尔·伍德,奥克兰FC,
G组,新西兰,后卫,蒂姆·佩恩,惠灵顿凤凰,
G组,新西兰,后卫,弗朗西斯·德弗里斯,奥克兰FC,
G组,新西兰,后卫,泰勒·宾登,诺丁汉森林,
G组,新西兰,后卫,迈克尔·博克索尔,明尼苏达联,
G组,新西兰,后卫,利贝拉托·卡卡切,雷克瑟姆,
G组,新西兰,后卫,南多·皮伊纳克,奥克兰FC,
G组,新西兰,后卫,芬恩·瑟曼,波特兰木材,
G组,新西兰,后卫,卡伦·埃利奥特,奥克兰FC,
G组,新西兰,后卫,汤米·史密斯,布伦特里镇,
G组,新西兰,中场,乔·贝尔,维京,
G组,新西兰,中场,马尔科·斯塔梅尼奇,斯旺西,
G组,新西兰,中场,亚历克斯·鲁弗,惠灵顿凤凰,
G组,新西兰,中场,瑞安·托马斯,兹沃勒,
G组,新西兰,中场,拉克兰·贝利斯,纽卡斯尔喷气机,
G组,新西兰,前锋,马特·加贝特,彼得堡联,
G组,新西兰,前锋,克里斯·伍德,诺丁汉森林,
G组,新西兰,前锋,萨普里特·辛格,惠灵顿凤凰,
G组,新西兰,前锋,伊莱·贾斯特,马瑟韦尔,
G组,新西兰,前锋,科斯塔·巴巴鲁塞斯,西悉尼流浪者,
G组,新西兰,前锋,本·韦恩,维尔港,
G组,新西兰,前锋,本·奥尔德,圣埃蒂安,
G组,新西兰,前锋,卡勒姆·麦考瓦特,锡尔克堡,
G组,新西兰,前锋,杰西·兰德尔,奥克兰FC,
H组,西班牙,门将,乌奈·西蒙,毕尔巴鄂竞技,
H组,西班牙,门将,大卫·拉亚,阿森纳,
H组,西班牙,门将,霍安·加西亚,巴塞罗那,
H组,西班牙,后卫,埃梅里克·拉波尔特,毕尔巴鄂竞技,
H组,西班牙,后卫,马克·库库雷利亚,切尔西,
H组,西班牙,后卫,马科斯·略伦特,马德里竞技,
H组,西班牙,后卫,埃里克·加西亚,巴塞罗那,
H组,西班牙,后卫,佩德罗·波罗,热刺,
H组,西班牙,后卫,亚历克斯·格里马尔多,勒沃库森,
H组,西班牙,后卫,保·库巴西,巴塞罗那,
H组,西班牙,后卫,马克·普维尔,马德里竞技,
H组,西班牙,中场,罗德里,曼城,
H组,西班牙,中场,法比安·鲁伊斯,巴黎圣日耳曼,
H组,西班牙,中场,米克尔·梅里诺,阿森纳,
H组,西班牙,中场,佩德里,巴塞罗那,
H组,西班牙,中场,加维,巴塞罗那,
H组,西班牙,中场,马丁·苏维门迪,阿森纳,
H组,西班牙,中场,亚历克斯·巴埃纳,马德里竞技,
H组,西班牙,前锋,费兰·托雷斯,巴塞罗那,
H组,西班牙,前锋,米克尔·奥亚萨瓦尔,皇家社会,
H组,西班牙,前锋,达尼·奥尔莫,巴塞罗那,
H组,西班牙,前锋,尼科·威廉斯,毕尔巴鄂竞技,
H组,西班牙,前锋,拉明·亚马尔,巴塞罗那,
H组,西班牙,前锋,耶雷米·皮诺,水晶宫,
H组,西班牙,前锋,博尔哈·伊格莱西亚斯,塞尔塔,
H组,西班牙,前锋,维克托·穆尼奥斯,奥萨苏纳,
H组,佛得角,门将,沃济尼亚,沙维斯,
H组,佛得角,门将,马尔西奥·罗萨,蒙大拿,
H组,佛得角,门将,CJ·多斯桑托斯,圣迭戈FC,
H组,佛得角,后卫,斯托皮拉,托伦塞,
H组,佛得角,后卫,罗伯托·洛佩斯,沙姆洛克流浪者,
H组,佛得角,后卫,若昂·保罗,FCSB,
H组,佛得角,后卫,迪内,阿尔巴塔伊,
H组,佛得角,后卫,洛根·科斯塔,比利亚雷亚尔,
H组,佛得角,后卫,史蒂文·莫雷拉,哥伦布机员,
H组,佛得角,后卫,瓦格纳·皮纳,特拉布宗体育,
H组,佛得角,后卫,西德尼·洛佩斯·卡布拉尔,本菲卡,
H组,佛得角,后卫,凯尔文·皮雷斯,SJK,
H组,佛得角,中场,雅米罗·蒙特罗,兹沃勒,
H组,佛得角,中场,凯文·皮纳,克拉斯诺达尔,
H组,佛得角,中场,德洛伊·杜阿尔特,卢多戈雷茨,
H组,佛得角,中场,特尔莫·阿尔坎霍,吉马良斯,
H组,佛得角,中场,拉罗斯·杜阿尔特,普斯卡什学院,
H组,佛得角,中场,扬尼克·塞梅多,法伦斯,
H组,佛得角,前锋,瑞安·门德斯,伊迪尔,
H组,佛得角,前锋,加里·罗德里格斯,利马索尔阿波罗,
H组,佛得角,前锋,维利·塞梅多,奥莫尼亚,
H组,佛得角,前锋,若瓦内·卡布拉尔,阿马多拉之星,
H组,佛得角,前锋,吉尔松·塔瓦雷斯,陶里亚蒂阿克伦,
H组,佛得角,前锋,戴隆·利夫拉门托,卡萨皮亚,
H组,佛得角,前锋,埃利奥·瓦雷拉,特拉维夫马卡比,
H组,佛得角,前锋,努诺·达科斯塔,伊斯坦布尔巴萨克赛尔,
H组,沙特阿拉伯,门将,穆罕默德·奥韦斯,乌拉,
H组,沙特阿拉伯,门将,纳瓦夫·阿基迪,利雅得胜利,
H组,沙特阿拉伯,门将,艾哈迈德·卡萨尔,卡迪西亚,
H组,沙特阿拉伯,后卫,阿卜杜勒拉赫·阿姆里,利雅得胜利,
H组,沙特阿拉伯,后卫,哈桑·坦巴蒂,利雅得新月,
H组,沙特阿拉伯,后卫,杰哈德·锡克里,卡迪西亚,
H组,沙特阿拉伯,后卫,阿里·拉贾米,利雅得新月,
H组,沙特阿拉伯,后卫,哈桑·卡德什,吉达联合,
H组,沙特阿拉伯,后卫,沙特·阿卜杜勒哈米德,朗斯,
H组,沙特阿拉伯,后卫,穆罕默德·阿布·沙马特,卡迪西亚,
H组,沙特阿拉伯,后卫,阿里·马吉拉希,吉达国民,
H组,沙特阿拉伯,后卫,穆泰卜·哈尔比,利雅得新月,
H组,沙特阿拉伯,后卫,纳瓦夫·布沙勒,利雅得胜利,
H组,沙特阿拉伯,后卫,苏丹·加奈姆,利雅得胜利,
H组,沙特阿拉伯,中场,穆罕默德·卡努,利雅得新月,
H组,沙特阿拉伯,中场,阿卜杜拉·海巴里,利雅得胜利,
H组,沙特阿拉伯,中场,齐亚德·约翰尼,吉达国民,
H组,沙特阿拉伯,中场,纳赛尔·达乌萨里,利雅得新月,
H组,沙特阿拉伯,中场,穆萨布·朱维尔,卡迪西亚,
H组,沙特阿拉伯,中场,阿拉·哈吉,纽穆,
H组,沙特阿拉伯,中场,萨勒姆·达瓦萨里,利雅得新月,
H组,沙特阿拉伯,中场,哈立德·加纳姆,达曼协作,
H组,沙特阿拉伯,中场,艾曼·叶海亚,利雅得胜利,
H组,沙特阿拉伯,前锋,菲拉斯·布赖坎,吉达国民,
H组,沙特阿拉伯,前锋,萨利赫·谢赫里,吉达联合,
H组,沙特阿拉伯,前锋,阿卜杜拉·哈姆丹,利雅得胜利,
H组,乌拉圭,门将,塞尔吉奥·罗切特,国际,
H组,乌拉圭,门将,费尔南多·穆斯莱拉,大学生,
H组,乌拉圭,门将,圣地亚哥·梅莱,蒙特雷,
H组,乌拉圭,后卫,吉列尔莫·巴雷拉,弗拉门戈,
H组,乌拉圭,后卫,罗纳德·阿劳霍,巴塞罗那,
H组,乌拉圭,后卫,何塞·马里亚·希门尼斯,马德里竞技,
H组,乌拉圭,后卫,圣地亚哥·布埃诺,狼队,
H组,乌拉圭,后卫,塞巴斯蒂安·卡塞雷斯,美洲,
H组,乌拉圭,后卫,马蒂亚斯·奥利韦拉,那不勒斯,
H组,乌拉圭,后卫,华金·皮克雷斯,帕尔梅拉斯,
H组,乌拉圭,后卫,马蒂亚斯·比尼亚,弗拉门戈,
H组,乌拉圭,后卫,胡安·曼努埃尔·萨纳夫里亚,皇家盐湖城,
H组,乌拉圭,中场,曼努埃尔·乌加特,曼联,
H组,乌拉圭,中场,埃米利亚诺·马丁内斯,帕尔梅拉斯,
H组,乌拉圭,中场,罗德里戈·本坦库尔,热刺,
H组,乌拉圭,中场,费德里科·巴尔韦德,皇家马德里,
H组,乌拉圭,中场,奥古斯丁·卡诺比奥,弗鲁米嫩塞,
H组,乌拉圭,中场,豪尔赫·德阿拉斯卡埃塔,弗拉门戈,
H组,乌拉圭,中场,尼古拉斯·德拉克鲁斯,弗拉门戈,
H组,乌拉圭,中场,法昆多·佩利斯特里,帕纳辛奈科斯,
H组,乌拉圭,中场,罗德里戈·萨拉查,布拉加,
H组,乌拉圭,中场,马克西·阿劳霍,葡萄牙体育,
H组,乌拉圭,中场,布赖恩·罗德里格斯,美洲,
H组,乌拉圭,前锋,罗德里戈·阿吉雷,美洲,
H组,乌拉圭,前锋,费德里科·比尼亚斯,皇家奥维耶多,
H组,乌拉圭,前锋,达尔文·努涅斯,利雅得新月,
I组,法国,门将,迈克·迈尼昂,AC米兰,
I组,法国,门将,罗宾·里塞尔,朗斯,
I组,法国,门将,布赖斯·桑巴,雷恩,
I组,法国,后卫,卢卡斯·迪涅,阿斯顿维拉,
I组,法国,后卫,马洛·古斯托,切尔西,
I组,法国,后卫,卢卡斯·埃尔南德斯,巴黎圣日耳曼,
I组,法国,后卫,特奥·埃尔南德斯,利雅得新月,
I组,法国,后卫,易卜拉希马·科纳特,利物浦,
I组,法国,后卫,朱尔·孔德,巴塞罗那,
I组,法国,后卫,马克桑斯·拉克鲁瓦,水晶宫,
I组,法国,后卫,威廉·萨利巴,阿森纳,
I组,法国,后卫,达约·于帕梅卡诺,拜仁慕尼黑,
I组,法国,中场,恩戈洛·坎特,费内巴切,
I组,法国,中场,马努·科内,罗马,
I组,法国,中场,阿德里安·拉比奥,AC米兰,
I组,法国,中场,奥雷利昂·赤瓦门尼,皇家马德里,
I组,法国,中场,沃伦·扎伊尔-埃梅里,巴黎圣日耳曼,
I组,法国,前锋,马格内斯·阿克利乌什,摩纳哥,
I组,法国,前锋,布拉德利·巴尔科拉,巴黎圣日耳曼,
I组,法国,前锋,拉扬·谢尔基,曼城,
I组,法国,前锋,奥斯曼·登贝莱,巴黎圣日耳曼,
I组,法国,前锋,德西雷·杜埃,巴黎圣日耳曼,
I组,法国,前锋,让-菲利普·马特塔,水晶宫,
I组,法国,前锋,基利安·姆巴佩,皇家马德里,
I组,法国,前锋,迈克尔·奥利塞,拜仁慕尼黑,
I组,法国,前锋,马库斯·图拉姆,国际米兰,
I组,塞内加尔,门将,爱德华·门迪,吉达国民,
I组,塞内加尔,门将,莫里·迪奥,勒阿弗尔,
I组,塞内加尔,门将,耶万·迪乌夫,尼斯,
I组,塞内加尔,后卫,克雷平·迪亚塔,摩纳哥,
I组,塞内加尔,后卫,安托万·门迪,尼斯,
I组,塞内加尔,后卫,卡利杜·库利巴利,利雅得新月,
I组,塞内加尔,后卫,哈吉·马利克·迪乌夫,西汉姆联,
I组,塞内加尔,后卫,马马杜·萨尔,切尔西,
I组,塞内加尔,后卫,穆萨·尼亚卡特,里昂,
I组,塞内加尔,后卫,穆斯塔法·姆博,巴黎FC,
I组,塞内加尔,后卫,阿卜杜拉耶·塞克,海法马卡比,
I组,塞内加尔,后卫,伊斯梅尔·雅各布斯,加拉塔萨雷,
I组,塞内加尔,后卫,伊莱·卡马拉,安德莱赫特,
I组,塞内加尔,中场,伊德里萨·盖伊,埃弗顿,
I组,塞内加尔,中场,帕普·盖伊,比利亚雷亚尔,
I组,塞内加尔,中场,拉明·卡马拉,摩纳哥,
I组,塞内加尔,中场,哈比卜·迪亚拉,桑德兰,
I组,塞内加尔,中场,帕泰·西斯,巴列卡诺,
I组,塞内加尔,中场,帕普·马塔尔·萨尔,热刺,
I组,塞内加尔,中场,巴拉·萨波科·恩迪亚耶,拜仁慕尼黑,
I组,塞内加尔,前锋,萨迪奥·马内,利雅得胜利,
I组,塞内加尔,前锋,伊斯梅拉·萨尔,水晶宫,
I组,塞内加尔,前锋,伊利曼·恩迪亚耶,埃弗顿,
I组,塞内加尔,前锋,阿萨内·迪奥,科莫,
I组,塞内加尔,前锋,易卜拉欣·姆巴耶,巴黎圣日耳曼,
I组,塞内加尔,前锋,尼古拉·雅克松,切尔西,
I组,塞内加尔,前锋,班巴·迪昂,洛里昂,
I组,塞内加尔,前锋,谢里夫·恩迪亚耶,萨姆松体育,
I组,伊拉克,门将,贾拉尔·哈桑,巴格达空军,
I组,伊拉克,门将,穆罕默德·哈米德,巴格达警察,
I组,伊拉克,门将,艾哈迈德·巴西姆,巴格达空军,
I组,伊拉克,后卫,阿里·阿德南,巴格达空军,
I组,伊拉克,后卫,弗兰斯·普特罗斯,巴格达空军,
I组,伊拉克,后卫,穆斯塔法·纳迪姆,巴格达空军,
I组,伊拉克,后卫,马鲁菲·穆罕默德,巴格达空军,
I组,伊拉克,后卫,艾哈迈德·易卜拉欣,巴格达空军,
I组,伊拉克,后卫,侯赛因·阿里,巴格达空军,
I组,伊拉克,后卫,穆罕默德·卡西姆,巴格达空军,
I组,伊拉克,后卫,阿里·法耶兹,巴格达空军,
I组,伊拉克,中场,阿米尔·阿马里,巴格达空军,
I组,伊拉克,中场,易卜拉欣·巴耶什,巴格达空军,
I组,伊拉克,中场,穆罕默德·贾西姆,巴格达空军,
I组,伊拉克,中场,艾哈迈德·亚辛,巴格达空军,
I组,伊拉克,中场,萨法·哈迪,巴格达空军,
I组,伊拉克,中场,奥萨马·拉希德,巴格达空军,
I组,伊拉克,中场,穆罕默德·阿卜杜勒拉赫曼,巴格达空军,
I组,伊拉克,中场,阿里·贾西姆,巴格达空军,
I组,伊拉克,前锋,艾曼·侯赛因,卢顿,
I组,伊拉克,前锋,穆哈纳德·阿卜杜勒拉希姆,巴格达空军,
I组,伊拉克,前锋,阿拉·阿卜杜勒扎赫拉,巴格达空军,
I组,伊拉克,前锋,穆斯塔法·阿卜杜勒拉赫曼,巴格达空军,
I组,伊拉克,前锋,阿里·萨利姆,巴格达空军,
I组,伊拉克,前锋,哈桑·阿卜杜勒卡里姆,巴格达空军,
I组,伊拉克,前锋,穆罕默德·达乌德,巴格达空军,
I组,挪威,门将,厄尔扬·尼兰,塞维利亚,
I组,挪威,门将,埃吉尔·塞尔维克,沃特福德,
I组,挪威,门将,桑德·唐维克,汉堡,
I组,挪威,后卫,尤利安·吕尔松,多特蒙德,
I组,挪威,后卫,马库斯·霍尔姆格伦·佩德森,都灵,
I组,挪威,后卫,大卫·莫勒·沃尔夫,狼队,
I组,挪威,后卫,弗雷德里克·比约坎,博德格林特,
I组,挪威,后卫,克里斯托弗·阿耶,布伦特福德,
I组,挪威,后卫,托尔比约恩·赫格姆,博洛尼亚,
I组,挪威,后卫,莱奥·斯基里·厄斯蒂高,热那亚,
I组,挪威,后卫,松德雷·朗阿斯,德比郡,
I组,挪威,后卫,亨里克·法尔切纳,维京,
I组,挪威,中场,马丁·厄德高,阿森纳,
I组,挪威,中场,桑德·贝格,富勒姆,
I组,挪威,中场,弗雷德里克·奥尔斯内斯,本菲卡,
I组,挪威,中场,帕特里克·贝里,博德格林特,
I组,挪威,中场,克里斯蒂安·索尔茨维特,萨索洛,
I组,挪威,中场,莫滕·托斯比,克雷莫纳,
I组,挪威,中场,泰洛·阿斯加德,流浪者,
I组,挪威,前锋,埃尔林·哈兰德,曼城,
I组,挪威,前锋,亚历山大·瑟洛特,马德里竞技,
I组,挪威,前锋,约根·斯特兰德·拉森,水晶宫,
I组,挪威,前锋,安东尼奥·努萨,RB莱比锡,
I组,挪威,前锋,奥斯卡·博布,富勒姆,
I组,挪威,前锋,安德烈亚斯·谢尔德鲁普,本菲卡,
I组,挪威,前锋,延斯·彼得·豪格,博德格林特,
J组,阿根廷,门将,埃米利亚诺·马丁内斯,阿斯顿维拉,
J组,阿根廷,门将,胡安·穆索,马德里竞技,
J组,阿根廷,门将,赫罗尼莫·鲁利,马赛,
J组,阿根廷,后卫,莱昂纳多·巴莱尔迪,马赛,
J组,阿根廷,后卫,利桑德罗·马丁内斯,曼联,
J组,阿根廷,后卫,法昆多·梅迪纳,马赛,
J组,阿根廷,后卫,纳韦尔·莫利纳,马德里竞技,
J组,阿根廷,后卫,贡萨洛·蒙铁尔,河床,
J组,阿根廷,后卫,尼古拉斯·奥塔门迪,本菲卡,
J组,阿根廷,后卫,克里斯蒂安·罗梅罗,热刺,
J组,阿根廷,后卫,尼古拉斯·塔利亚菲科,里昂,
J组,阿根廷,中场,瓦伦丁·巴尔科,斯特拉斯堡,
J组,阿根廷,中场,罗德里戈·德保罗,国际迈阿密,
J组,阿根廷,中场,恩佐·费尔南德斯,切尔西,
J组,阿根廷,中场,乔瓦尼·洛塞尔索,皇家贝蒂斯,
J组,阿根廷,中场,亚历克西斯·麦卡利斯特,利物浦,
J组,阿根廷,中场,埃塞基耶尔·帕拉西奥斯,勒沃库森,
J组,阿根廷,中场,莱安德罗·帕雷德斯,博卡青年,
J组,阿根廷,前锋,蒂亚戈·阿尔马达,马德里竞技,
J组,阿根廷,前锋,胡利安·阿尔瓦雷斯,马德里竞技,
J组,阿根廷,前锋,尼古拉斯·冈萨雷斯,马德里竞技,
J组,阿根廷,前锋,何塞·曼努埃尔·洛佩斯,帕尔梅拉斯,
J组,阿根廷,前锋,劳塔罗·马丁内斯,国际米兰,
J组,阿根廷,前锋,利昂内尔·梅西,国际迈阿密,
J组,阿根廷,前锋,尼古拉斯·帕斯,科莫,
J组,阿根廷,前锋,朱利亚诺·西蒙尼,马德里竞技,
J组,阿尔及利亚,门将,卢卡·齐达内,格拉纳达,
J组,阿尔及利亚,门将,乌萨马·本博特,阿尔及尔,
J组,阿尔及利亚,门将,梅尔文·马斯特尔,尼翁,
J组,阿尔及利亚,后卫,拉菲克·贝尔加利,维罗纳,
J组,阿尔及利亚,后卫,萨米尔·谢尔吉,巴黎FC,
J组,阿尔及利亚,后卫,拉扬·艾特-努里,曼联,
J组,阿尔及利亚,后卫,贾温·哈德贾姆,伯尔尼年轻人,
J组,阿尔及利亚,后卫,艾萨·曼迪,里尔,
J组,阿尔及利亚,后卫,拉米·本塞拜尼,多特蒙德,
J组,阿尔及利亚,后卫,齐内丁·贝拉伊德,卡比利,
J组,阿尔及利亚,后卫,穆罕默德·阿明·图盖,突尼斯希望,
J组,阿尔及利亚,后卫,阿什拉夫·阿巴达,阿尔及尔USM,
J组,阿尔及利亚,中场,纳比尔·本塔莱布,里尔,
J组,阿尔及利亚,中场,希沙姆·布达维,尼斯,
J组,阿尔及利亚,中场,乌塞姆·奥阿尔,吉达联合,
J组,阿尔及利亚,中场,法雷斯·沙伊比,法兰克福,
J组,阿尔及利亚,中场,易卜拉欣·马扎,勒沃库森,
J组,阿尔及利亚,中场,亚辛·蒂特拉维,沙勒罗瓦,
J组,阿尔及利亚,中场,拉米兹·泽鲁基,特温特,
J组,阿尔及利亚,前锋,穆罕默德·阿明·阿穆拉,沃尔夫斯堡,
J组,阿尔及利亚,前锋,纳迪尔·本布瓦利,ETO,
J组,阿尔及利亚,前锋,阿迪勒·布尔比纳,杜海勒,
J组,阿尔及利亚,前锋,法雷斯·格德杰米斯,弗罗西诺内,
J组,阿尔及利亚,前锋,阿明·古伊里,马赛,
J组,阿尔及利亚,前锋,阿尼斯·哈吉·穆萨,费耶诺德,
J组,阿尔及利亚,前锋,里亚德·马赫雷斯,吉达国民,
J组,奥地利,门将,帕特里克·彭茨,布隆德比,
J组,奥地利,门将,亚历山大·施拉格尔,RB萨尔茨堡,
J组,奥地利,门将,弗洛里安·维格勒,比尔森胜利,
J组,奥地利,后卫,大卫·阿芬格鲁伯,埃尔切,
J组,奥地利,后卫,大卫·阿拉巴,皇家马德里,
J组,奥地利,后卫,凯文·丹索,热刺,
J组,奥地利,后卫,马尔科·弗里德尔,云达不莱梅,
J组,奥地利,后卫,菲利普·莱因哈特,弗赖堡,
J组,奥地利,后卫,菲利普·姆韦内,美因茨,
J组,奥地利,后卫,斯特凡·波施,美因茨,
J组,奥地利,后卫,亚历山大·普拉斯,霍芬海姆,
J组,奥地利,后卫,米夏埃尔·斯沃博达,威尼斯,
J组,奥地利,中场,克里斯托夫·鲍姆加特纳,RB莱比锡,
J组,奥地利,中场,卡尼·楚克乌梅卡,多特蒙德,
J组,奥地利,中场,弗洛里安·格里利奇,布拉加,
J组,奥地利,中场,康拉德·莱默,拜仁慕尼黑,
J组,奥地利,中场,马塞尔·萨比策,多特蒙德,
J组,奥地利,中场,克萨韦尔·施拉格尔,RB莱比锡,
J组,奥地利,中场,尼古拉斯·赛瓦尔德,RB莱比锡,
J组,奥地利,中场,罗马诺·施密德,云达不莱梅,
J组,奥地利,中场,亚历山德罗·舍普夫,沃尔夫斯贝格,
J组,奥地利,中场,保罗·万纳,PSV埃因霍温,
J组,奥地利,中场,帕特里克·维默尔,沃尔夫斯堡,
J组,奥地利,前锋,马尔科·阿瑙托维奇,贝尔格莱德红星,
J组,奥地利,前锋,米夏埃尔·格雷戈里奇,奥格斯堡,
J组,奥地利,前锋,萨沙·卡拉伊季奇,LASK,
J组,约旦,门将,亚齐德·阿布莱拉,侯赛因,
J组,约旦,门将,阿卜杜拉·法胡里,维赫达特,
J组,约旦,门将,努尔·巴尼·阿提亚,费萨里,
J组,约旦,后卫,穆罕默德·阿布阿尔纳迪,雪兰莪,
J组,约旦,后卫,胡萨姆·阿布·达哈卜,萨米亚,
J组,约旦,后卫,穆罕默德·阿布·哈希什,卡尔马,
J组,约旦,后卫,亚赞·阿拉布,首尔,
J组,约旦,后卫,阿卜杜拉·纳西卜,扎乌拉,
J组,约旦,后卫,萨利姆·奥贝德,侯赛因,
J组,约旦,后卫,伊赫桑·哈达德,侯赛因,
J组,约旦,后卫,赛义德·罗桑,侯赛因,
J组,约旦,后卫,阿纳斯·巴纳维,费萨里,
J组,约旦,后卫,穆罕纳德·阿布·塔哈,空军,
J组,约旦,中场,穆罕默德·达乌德,维赫达特,
J组,约旦,中场,尼扎尔·拉什丹,卡塔尔SC,
J组,约旦,中场,努尔·拉瓦布德,雪兰莪,
J组,约旦,中场,拉贾伊·阿耶德,侯赛因,
J组,约旦,中场,阿米尔·贾穆斯,扎乌拉,
J组,约旦,中场,易卜拉欣·萨德,卡尔马,
J组,约旦,中场,马哈茂德·马尔迪,侯赛因,
J组,约旦,前锋,穆萨·塔马里,雷恩,
J组,约旦,前锋,奥德·法胡里,金字塔,
J组,约旦,前锋,穆罕默德·阿布·扎雷克,卡萨布兰卡,
J组,约旦,前锋,阿里·阿扎伊泽,沙巴布,
J组,约旦,前锋,阿里·奥尔万,赛利亚,
J组,约旦,前锋,易卜拉欣·萨布拉,萨格勒布火车头,
K组,葡萄牙,门将,迪奥戈·科斯塔,波尔图,
K组,葡萄牙,门将,若泽·萨,狼队,
K组,葡萄牙,门将,鲁伊·席尔瓦,葡萄牙体育,
K组,葡萄牙,后卫,迪奥戈·达洛特,曼联,
K组,葡萄牙,后卫,马特乌斯·努内斯,曼城,
K组,葡萄牙,后卫,内尔松·塞梅多,费内巴切,
K组,葡萄牙,后卫,若昂·坎塞洛,巴塞罗那,
K组,葡萄牙,后卫,努诺·门德斯,巴黎圣日耳曼,
K组,葡萄牙,后卫,贡萨洛·伊纳西奥,葡萄牙体育,
K组,葡萄牙,后卫,雷纳托·韦加,比利亚雷亚尔,
K组,葡萄牙,后卫,鲁本·迪亚斯,曼城,
K组,葡萄牙,后卫,托马斯·阿劳霍,本菲卡,
K组,葡萄牙,中场,鲁本·内维斯,利雅得新月,
K组,葡萄牙,中场,萨穆·科斯塔,马略卡,
K组,葡萄牙,中场,若昂·内维斯,巴黎圣日耳曼,
K组,葡萄牙,中场,维蒂尼亚,巴黎圣日耳曼,
K组,葡萄牙,中场,布鲁诺·费尔南德斯,曼联,
K组,葡萄牙,中场,贝尔纳多·席尔瓦,曼城,
K组,葡萄牙,前锋,若昂·费利克斯,利雅得胜利,
K组,葡萄牙,前锋,弗朗西斯科·特林康,葡萄牙体育,
K组,葡萄牙,前锋,弗朗西斯科·孔塞桑,尤文图斯,
K组,葡萄牙,前锋,佩德罗·内托,切尔西,
K组,葡萄牙,前锋,拉斐尔·莱奥,AC米兰,
K组,葡萄牙,前锋,贡萨洛·格德斯,皇家社会,
K组,葡萄牙,前锋,贡萨洛·拉莫斯,巴黎圣日耳曼,
K组,葡萄牙,前锋,克里斯蒂亚诺·罗纳尔多,利雅得胜利,
K组,刚果(金),门将,蒂莫泰·法尤卢,诺亚FC,
K组,刚果(金),门将,莱昂内尔·姆帕西,勒阿弗尔,
K组,刚果(金),门将,迈克·埃波洛,标准列日,
K组,刚果(金),后卫,阿隆·万-比萨卡,西汉姆联,
K组,刚果(金),后卫,热德翁·卡卢卢,AEL利马索尔,
K组,刚果(金),后卫,若里斯·凯姆贝,亨克,
K组,刚果(金),后卫,阿蒂尔·马苏亚库,朗斯,
K组,刚果(金),后卫,史蒂夫·卡普阿迪,维德祖罗兹,
K组,刚果(金),后卫,罗基·布什里,希伯尼安,
K组,刚果(金),后卫,阿克塞尔·图安泽贝,伯恩利,
K组,刚果(金),后卫,昌塞尔·姆本巴,里尔,
K组,刚果(金),后卫,迪伦·巴图宾西卡,拉里萨,
K组,刚果(金),中场,诺亚·萨迪基,桑德兰,
K组,刚果(金),中场,塞缪尔·穆图萨米,阿特罗米托斯,
K组,刚果(金),中场,埃多·凯延贝,沃特福德,
K组,刚果(金),中场,纳坦·穆考,里尔,
K组,刚果(金),中场,夏尔·皮克尔,西班牙人,
K组,刚果(金),中场,恩加莱耶尔·穆考·姆布库,蒙彼利埃,
K组,刚果(金),中场,布莱恩·西彭加,卡斯特利翁,
K组,刚果(金),中场,泰奥·邦贡达,莫斯科斯巴达克,
K组,刚果(金),中场,加埃尔·卡库塔,拉里萨,
K组,刚果(金),前锋,梅沙克·埃利亚,阿拉尼亚体育,
K组,刚果(金),前锋,菲斯顿·马耶莱,金字塔,
K组,刚果(金),前锋,塞德里克·巴坎布,皇家贝蒂斯,
K组,刚果(金),前锋,西蒙·班扎,阿布扎比半岛,
K组,刚果(金),前锋,约安·维萨,纽卡斯尔,
K组,乌兹别克斯坦,门将,乌特基尔·尤苏波夫,纳曼干新春,
K组,乌兹别克斯坦,门将,阿布杜沃希德·涅马托夫,纳萨夫,
K组,乌兹别克斯坦,门将,博季拉利·埃尔加舍夫,内夫特奇,
K组,乌兹别克斯坦,后卫,鲁斯塔姆·阿舒尔马托夫,德黑兰独立,
K组,乌兹别克斯坦,后卫,法鲁赫·赛菲耶夫,内夫特奇,
K组,乌兹别克斯坦,后卫,霍贾克巴尔·阿里约诺夫,塔什干棉农,
K组,乌兹别克斯坦,后卫,谢尔佐德·纳斯鲁拉耶夫,纳萨夫,
K组,乌兹别克斯坦,后卫,奥马尔·埃什穆罗多夫,纳萨夫,
K组,乌兹别克斯坦,后卫,阿布杜科迪尔·胡桑诺夫,曼城,
K组,乌兹别克斯坦,后卫,阿卜杜拉·阿卜杜拉耶夫,迪巴阿尔富查伊拉,
K组,乌兹别克斯坦,后卫,别克胡兹·卡里莫夫,苏尔汉,
K组,乌兹别克斯坦,后卫,贾洪吉尔·乌罗佐夫,撒马尔罕迪纳摩,
K组,乌兹别克斯坦,后卫,阿瓦兹别克·乌尔马萨利耶夫,AGMK,
K组,乌兹别克斯坦,中场,奥塔别克·舒库罗夫,巴尼亚斯,
K组,乌兹别克斯坦,中场,贾洛利丁·马沙里波夫,德黑兰独立,
K组,乌兹别克斯坦,中场,奥迪尔容·哈姆罗别科夫,拖拉机,
K组,乌兹别克斯坦,中场,奥斯通·乌鲁诺夫,波斯波利斯,
K组,乌兹别克斯坦,中场,贾姆希德·伊斯坎德罗夫,内夫特奇,
K组,乌兹别克斯坦,中场,多斯顿别克·哈姆达莫夫,塔什干棉农,
K组,乌兹别克斯坦,中场,阿博斯别克·法伊祖拉耶夫,伊斯坦布尔巴萨克赛尔,
K组,乌兹别克斯坦,中场,阿克马尔·莫兹戈沃伊,塔什干棉农,
K组,乌兹别克斯坦,中场,阿齐兹琼·加涅夫,阿尔巴塔伊,
K组,乌兹别克斯坦,中场,谢尔佐德·埃萨诺夫,布哈拉,
K组,乌兹别克斯坦,前锋,埃尔多尔·肖穆罗多夫,伊斯坦布尔巴萨克赛尔,
K组,乌兹别克斯坦,前锋,伊戈尔·谢尔盖耶夫,波斯波利斯,
K组,乌兹别克斯坦,前锋,阿齐兹别克·阿莫诺夫,布哈拉,
K组,哥伦比亚,门将,卡米洛·巴尔加斯,阿特拉斯,
K组,哥伦比亚,门将,大卫·奥斯皮纳,国民竞技,
K组,哥伦比亚,门将,阿尔瓦罗·蒙特罗,萨斯菲尔德,
K组,哥伦比亚,后卫,约翰·莫希卡,马略卡,
K组,哥伦比亚,后卫,德维尔·马查多,南特,
K组,哥伦比亚,后卫,丹尼尔·穆尼奥斯,水晶宫,
K组,哥伦比亚,后卫,圣地亚哥·阿里亚斯,巴伊亚,
K组,哥伦比亚,后卫,耶里·米纳,卡利亚里,
K组,哥伦比亚,后卫,达文森·桑切斯,加拉塔萨雷,
K组,哥伦比亚,后卫,约翰·卢库米,博洛尼亚,
K组,哥伦比亚,后卫,维莱尔·迪塔,蓝十字,
K组,哥伦比亚,中场,理查德·里奥斯,本菲卡,
K组,哥伦比亚,中场,杰弗森·莱尔马,水晶宫,
K组,哥伦比亚,中场,凯文·卡斯塔尼奥,河床,
K组,哥伦比亚,中场,胡安·卡米洛·波蒂利亚,巴拉纳竞技,
K组,哥伦比亚,中场,古斯塔沃·普埃尔塔,桑坦德竞技,
K组,哥伦比亚,中场,约翰·阿里亚斯,帕尔梅拉斯,
K组,哥伦比亚,中场,豪尔赫·卡拉斯卡尔,弗拉门戈,
K组,哥伦比亚,中场,胡安·费尔南多·金特罗,河床,
K组,哥伦比亚,中场,哈梅斯·罗德里格斯,明尼苏达联,
K组,哥伦比亚,中场,哈明顿·坎帕斯,罗萨里奥中央,
K组,哥伦比亚,前锋,胡安·卡米洛·埃尔南德斯,皇家贝蒂斯,
K组,哥伦比亚,前锋,路易斯·迪亚斯,拜仁慕尼黑,
K组,哥伦比亚,前锋,路易斯·苏亚雷斯,葡萄牙体育,
K组,哥伦比亚,前锋,卡洛斯·安德烈斯·戈麦斯,瓦斯科达伽马,
K组,哥伦比亚,前锋,约翰·科尔多瓦,克拉斯诺达尔,
L组,英格兰,门将,乔丹·皮克福德,埃弗顿,
L组,英格兰,门将,迪恩·亨德森,水晶宫,
L组,英格兰,门将,詹姆斯·特拉福德,曼城,
L组,英格兰,后卫,里斯·詹姆斯,切尔西,
L组,英格兰,后卫,蒂诺·利夫拉门托,纽卡斯尔,
L组,英格兰,后卫,马克·格伊,曼城,
L组,英格兰,后卫,埃兹里·孔萨,阿斯顿维拉,
L组,英格兰,后卫,约翰·斯通斯,曼城,
L组,英格兰,后卫,贾雷尔·夸萨,勒沃库森,
L组,英格兰,后卫,尼科·奥莱利,曼城,
L组,英格兰,后卫,丹·伯恩,纽卡斯尔,
L组,英格兰,后卫,杰德·斯彭斯,热刺,
L组,英格兰,中场,德克兰·赖斯,阿森纳,
L组,英格兰,中场,埃利奥特·安德森,诺丁汉森林,
L组,英格兰,中场,科比·梅努,曼城,
L组,英格兰,中场,乔丹·亨德森,布伦特福德,
L组,英格兰,中场,摩根·罗杰斯,阿斯顿维拉,
L组,英格兰,中场,裘德·贝林厄姆,皇家马德里,
L组,英格兰,中场,埃伯雷基·埃泽,阿森纳,
L组,英格兰,前锋,哈里·凯恩,拜仁慕尼黑,
L组,英格兰,前锋,伊万·托尼,吉达国民,
L组,英格兰,前锋,奥利·沃特金斯,阿斯顿维拉,
L组,英格兰,前锋,布卡约·萨卡,阿森纳,
L组,英格兰,前锋,马库斯·拉什福德,巴塞罗那,
L组,英格兰,前锋,安东尼·戈登,纽卡斯尔,
L组,英格兰,前锋,诺尼·马杜埃凯,阿森纳,
L组,克罗地亚,门将,多米尼克·利瓦科维奇,萨格勒布迪纳摩,
L组,克罗地亚,门将,多米尼克·科塔尔斯基,哥本哈根,
L组,克罗地亚,门将,伊沃尔·潘杜尔,赫尔城,
L组,克罗地亚,后卫,约什科·格瓦迪奥尔,曼城,
L组,克罗地亚,后卫,杜耶·查莱塔-察尔,皇家社会,
L组,克罗地亚,后卫,约西普·舒塔洛,阿贾克斯,
L组,克罗地亚,后卫,约西普·斯塔尼希奇,拜仁慕尼黑,
L组,克罗地亚,后卫,马林·蓬格拉契奇,佛罗伦萨,
L组,克罗地亚,后卫,马丁·埃尔利奇,中日德兰,
L组,克罗地亚,后卫,卢卡·武什科维奇,汉堡,
L组,克罗地亚,中场,卢卡·莫德里奇,AC米兰,
L组,克罗地亚,中场,马特奥·科瓦契奇,曼城,
L组,克罗地亚,中场,马里奥·帕萨利奇,亚特兰大,
L组,克罗地亚,中场,尼古拉·弗拉希奇,都灵,
L组,克罗地亚,中场,卢卡·苏契奇,皇家社会,
L组,克罗地亚,中场,马丁·巴图里纳,科莫,
L组,克罗地亚,中场,克里斯蒂安·亚基奇,奥格斯堡,
L组,克罗地亚,中场,佩塔尔·苏契奇,国际米兰,
L组,克罗地亚,中场,尼古拉·莫罗,博洛尼亚,
L组,克罗地亚,中场,托尼·弗鲁克,里耶卡,
L组,克罗地亚,前锋,伊万·佩里西奇,PSV埃因霍温,
L组,克罗地亚,前锋,安德雷·克拉马里奇,霍芬海姆,
L组,克罗地亚,前锋,安特·布迪米尔,奥萨苏纳,
L组,克罗地亚,前锋,马尔科·帕萨利奇,奥兰多城,
L组,克罗地亚,前锋,佩塔尔·穆萨,达拉斯FC,
L组,克罗地亚,前锋,伊戈尔·马塔诺维奇,弗赖堡,
L组,加纳,门将,本杰明·阿萨雷,阿克拉橡树之心,
L组,加纳,门将,劳伦斯·阿蒂-齐吉,圣加仑,
L组,加纳,门将,约瑟夫·阿南,圣帕特里克竞技,
L组,加纳,后卫,巴巴·拉赫曼,PAOK,
L组,加纳,后卫,德里克·卢卡森,帕福斯,
L组,加纳,后卫,吉德翁·门萨,欧塞尔,
L组,加纳,后卫,马文·塞纳亚,欧塞尔,
L组,加纳,后卫,阿利杜·赛杜,雷恩,
L组,加纳,后卫,阿卜杜勒·穆明,巴列卡诺,
L组,加纳,后卫,热罗姆·奥波库,伊斯坦布尔巴萨克赛尔,
L组,加纳,后卫,约纳斯·阿杰泰,沃尔夫斯堡,
L组,加纳,后卫,科乔·奥蓬·佩普拉,尼斯,
L组,加纳,中场,托马斯·帕尔特伊,比利亚雷亚尔,
L组,加纳,中场,卡马尔丁·苏莱马纳,亚特兰大,
L组,加纳,中场,夸西·西博,皇家奥维耶多,
L组,加纳,中场,奥古斯丁·博阿基耶,圣埃蒂安,
L组,加纳,中场,迦勒·伊伦基伊,北西兰,
L组,加纳,中场,阿卜杜勒·法塔武·伊萨哈库,莱斯特城,
L组,加纳,中场,埃利沙·奥乌苏,欧塞尔,
L组,加纳,前锋,克里斯托弗·邦苏·巴阿,卡迪西亚,
L组,加纳,前锋,欧内斯特·努阿马,里昂,
L组,加纳,前锋,安托万·塞梅尼奥,曼城,
L组,加纳,前锋,布兰登·托马斯-阿桑特,考文垂,
L组,加纳,前锋,普林斯·夸贝纳·阿杜,比尔森胜利,
L组,加纳,前锋,伊尼亚基·威廉斯,毕尔巴鄂竞技,
L组,加纳,前锋,乔丹·阿尤,莱斯特城,
L组,巴拿马,门将,路易斯·梅希亚,国民,
L组,巴拿马,门将,奥兰多·莫斯克拉,费哈,
L组,巴拿马,门将,塞萨尔·萨穆迪奥,马拉松,
L组,巴拿马,后卫,埃里克·戴维斯,阿马多尔广场,
L组,巴拿马,后卫,菲德尔·埃斯科瓦尔,萨普里萨,
L组,巴拿马,后卫,阿米尔·穆里略,贝西克塔斯,
L组,巴拿马,后卫,罗德里克·米勒,托武兹图兰,
L组,巴拿马,后卫,安德烈斯·安德拉德,LASK,
L组,巴拿马,后卫,塞萨尔·布莱克曼,布拉迪斯拉发,
L组,巴拿马,后卫,何塞·科尔多瓦,诺维奇,
L组,巴拿马,后卫,乔瓦尼·拉莫斯,波多黎各学院,
L组,巴拿马,后卫,豪尔赫·古铁雷斯,拉瓜伊拉,
L组,巴拿马,后卫,埃德加多·法里尼亚,下诺夫哥罗德,
L组,巴拿马,中场,阿尼瓦尔·戈多伊,圣迭戈FC,
L组,巴拿马,中场,阿尔韦托·金特罗,阿马多尔广场,
L组,巴拿马,中场,约埃尔·巴尔塞纳斯,马萨特兰,
L组,巴拿马,中场,阿达尔韦托·卡拉斯基利亚,美洲狮,
L组,巴拿马,中场,何塞·路易斯·罗德里格斯,华雷斯,
L组,巴拿马,中场,克里斯蒂安·马丁内斯,基里亚特什莫纳,
L组,巴拿马,中场,塞萨尔·亚尼斯,科布雷萨尔,
L组,巴拿马,中场,卡洛斯·哈维,明尼苏达联,
L组,巴拿马,中场,阿萨里亚斯·隆多尼奥,天主教大学,
L组,巴拿马,前锋,何塞·法哈多,天主教大学,
L组,巴拿马,前锋,伊斯梅尔·迪亚斯,莱昂,
L组,巴拿马,前锋,塞西利奥·沃特曼,康塞普西翁大学,
L组,巴拿马,前锋,托马斯·罗德里格斯,萨普里萨,